{"cameraMode":{"drawMode":0,"name":"Shaded","section":"Shading Mode"},"sceneLighting":true,"audioPlay":false,"sceneViewState":{"showFog":true,"showMaterialUpdate":false,"showSkybox":true,"showFlares":true,"showImageEffects":true,"showParticleSystems":true},"in2DMode":false,"pivot":{"x":319.1893005371094,"y":188.1795196533203,"z":158.20709228515626},"rotation":{"x":-0.017995070666074754,"y":0.02099505439400673,"z":0.0003779518010560423,"w":0.9996176958084106},"size":569.7964477539063,"orthographic":false}