{"cameraMode":{"drawMode":0,"name":"Shaded","section":"Shading Mode"},"sceneLighting":true,"audioPlay":false,"sceneViewState":{"showFog":true,"showMaterialUpdate":false,"showSkybox":true,"showFlares":true,"showImageEffects":true,"showParticleSystems":true},"in2DMode":false,"pivot":{"x":3.2807815074920656,"y":0.90607088804245,"z":-2.5074639320373537},"rotation":{"x":-0.025199947878718377,"y":0.6892992854118347,"z":-0.024003783240914346,"w":-0.7236417531967163},"size":2.3331637382507326,"orthographic":false}