{"cameraMode":{"drawMode":0,"name":"Shaded","section":"Shading Mode"},"sceneLighting":false,"audioPlay":false,"sceneViewState":{"showFog":true,"showMaterialUpdate":false,"showSkybox":true,"showFlares":true,"showImageEffects":true,"showParticleSystems":true},"in2DMode":false,"pivot":{"x":7.093430519104004,"y":1.9194679260253907,"z":-4.2044219970703129},"rotation":{"x":0.004809577018022537,"y":0.002995292656123638,"z":-0.00001745058580127079,"w":0.9999890923500061},"size":40.356319427490237,"orthographic":false}