{"cameraMode":{"drawMode":0,"name":"Shaded","section":"Shading Mode"},"sceneLighting":false,"audioPlay":false,"sceneViewState":{"showFog":true,"showMaterialUpdate":false,"showSkybox":true,"showFlares":true,"showImageEffects":true,"showParticleSystems":true},"in2DMode":false,"pivot":{"x":0.9064712524414063,"y":0.5154976844787598,"z":-1.7404484748840333},"rotation":{"x":0.07351481914520264,"y":-0.2725756764411926,"z":0.020893041044473649,"w":0.9590985178947449},"size":4.023672103881836,"orthographic":false}