{"cameraMode":{"drawMode":0,"name":"Shaded","section":"Shading Mode"},"sceneLighting":false,"audioPlay":false,"sceneViewState":{"showFog":true,"showMaterialUpdate":false,"showSkybox":true,"showFlares":true,"showImageEffects":true,"showParticleSystems":true},"in2DMode":false,"pivot":{"x":-0.8389525413513184,"y":7.216559886932373,"z":30.01141357421875},"rotation":{"x":-0.07642465084791184,"y":0.004486824851483107,"z":0.0003439132997300476,"w":0.9970653653144836},"size":17.80561637878418,"orthographic":true}