{"cameraMode":{"drawMode":0,"name":"Shaded","section":"Shading Mode"},"sceneLighting":false,"audioPlay":false,"sceneViewState":{"showFog":true,"showMaterialUpdate":false,"showSkybox":true,"showFlares":true,"showImageEffects":true,"showParticleSystems":true},"in2DMode":false,"pivot":{"x":-0.8688393235206604,"y":3.655747175216675,"z":0.9903182983398438},"rotation":{"x":0.12406327575445175,"y":-0.08177082985639572,"z":0.010255811735987664,"w":0.9888510704040527},"size":22.0,"orthographic":false}